{
  "name": "amazonreviews", 
  "children": [
    {
      "name": "topic 1", 
      "children": [
        {
          "name": "love", 
          "size": 67
        }, 
        {
          "name": "older", 
          "size": 59
        }, 
        {
          "name": "good", 
          "size": 40
        }, 
        {
          "name": "one", 
          "size": 36
        }, 
        {
          "name": "happy", 
          "size": 31
        }, 
        {
          "name": "still", 
          "size": 28
        }, 
        {
          "name": "thank", 
          "size": 24
        }, 
        {
          "name": "little", 
          "size": 21
        }, 
        {
          "name": "give", 
          "size": 20
        }, 
        {
          "name": "even", 
          "size": 19
        }
      ]
    }, 
    {
      "name": "topic 2", 
      "children": [
        {
          "name": "friends", 
          "size": 44
        }, 
        {
          "name": "also", 
          "size": 44
        }, 
        {
          "name": "nice", 
          "size": 40
        }, 
        {
          "name": "contract", 
          "size": 40
        }, 
        {
          "name": "best", 
          "size": 40
        }, 
        {
          "name": "way", 
          "size": 15
        }, 
        {
          "name": "anybody", 
          "size": 14
        }, 
        {
          "name": "maybe", 
          "size": 14
        }, 
        {
          "name": "need", 
          "size": 13
        }, 
        {
          "name": "pay", 
          "size": 13
        }
      ]
    }, 
    {
      "name": "topic 3", 
      "children": [
        {
          "name": "sweet", 
          "size": 100
        }, 
        {
          "name": "like", 
          "size": 100
        }, 
        {
          "name": "refurbished", 
          "size": 51
        }, 
        {
          "name": "happy", 
          "size": 51
        }, 
        {
          "name": "bought", 
          "size": 27
        }, 
        {
          "name": "received", 
          "size": 27
        }, 
        {
          "name": "screen", 
          "size": 27
        }, 
        {
          "name": "came", 
          "size": 26
        }, 
        {
          "name": "would", 
          "size": 26
        }, 
        {
          "name": "recommend", 
          "size": 26
        }
      ]
    }, 
    {
      "name": "topic 4", 
      "children": [
        {
          "name": "works", 
          "size": 37
        }, 
        {
          "name": "need", 
          "size": 37
        }, 
        {
          "name": "love", 
          "size": 32
        }, 
        {
          "name": "like", 
          "size": 29
        }, 
        {
          "name": "good", 
          "size": 26
        }, 
        {
          "name": "maybe", 
          "size": 26
        }, 
        {
          "name": "even", 
          "size": 22
        }, 
        {
          "name": "little", 
          "size": 21
        }, 
        {
          "name": "thank", 
          "size": 20
        }, 
        {
          "name": "way", 
          "size": 20
        }
      ]
    }, 
    {
      "name": "topic 5", 
      "children": [
        {
          "name": "great", 
          "size": 46
        }, 
        {
          "name": "product", 
          "size": 44
        }, 
        {
          "name": "better", 
          "size": 44
        }, 
        {
          "name": "son", 
          "size": 43
        }, 
        {
          "name": "nice", 
          "size": 42
        }, 
        {
          "name": "day", 
          "size": 24
        }, 
        {
          "name": "know", 
          "size": 24
        }, 
        {
          "name": "brand", 
          "size": 24
        }, 
        {
          "name": "get", 
          "size": 24
        }, 
        {
          "name": "keep", 
          "size": 24
        }
      ]
    }, 
    {
      "name": "topic 6", 
      "children": [
        {
          "name": "received", 
          "size": 44
        }, 
        {
          "name": "great", 
          "size": 44
        }, 
        {
          "name": "used", 
          "size": 44
        }, 
        {
          "name": "look", 
          "size": 43
        }, 
        {
          "name": "called", 
          "size": 43
        }, 
        {
          "name": "customer", 
          "size": 43
        }, 
        {
          "name": "bought", 
          "size": 43
        }, 
        {
          "name": "expected", 
          "size": 23
        }, 
        {
          "name": "pleased", 
          "size": 23
        }, 
        {
          "name": "super", 
          "size": 23
        }
      ]
    }, 
    {
      "name": "topic 7", 
      "children": [
        {
          "name": "came", 
          "size": 48
        }, 
        {
          "name": "great", 
          "size": 33
        }, 
        {
          "name": "love", 
          "size": 33
        }, 
        {
          "name": "got", 
          "size": 33
        }, 
        {
          "name": "bought", 
          "size": 33
        }, 
        {
          "name": "buy", 
          "size": 33
        }, 
        {
          "name": "buyer", 
          "size": 33
        }, 
        {
          "name": "convinced", 
          "size": 33
        }, 
        {
          "name": "works", 
          "size": 17
        }, 
        {
          "name": "pleased", 
          "size": 17
        }
      ]
    }, 
    {
      "name": "topic 8", 
      "children": [
        {
          "name": "product", 
          "size": 55
        }, 
        {
          "name": "seller", 
          "size": 55
        }, 
        {
          "name": "first", 
          "size": 55
        }, 
        {
          "name": "particular", 
          "size": 55
        }, 
        {
          "name": "everyone", 
          "size": 37
        }, 
        {
          "name": "find", 
          "size": 37
        }, 
        {
          "name": "actually", 
          "size": 37
        }, 
        {
          "name": "like", 
          "size": 19
        }, 
        {
          "name": "nice", 
          "size": 19
        }, 
        {
          "name": "time", 
          "size": 19
        }
      ]
    }, 
    {
      "name": "topic 9", 
      "children": [
        {
          "name": "great", 
          "size": 85
        }, 
        {
          "name": "works", 
          "size": 43
        }, 
        {
          "name": "like", 
          "size": 43
        }, 
        {
          "name": "worked", 
          "size": 43
        }, 
        {
          "name": "would", 
          "size": 29
        }, 
        {
          "name": "system", 
          "size": 29
        }, 
        {
          "name": "warehouse", 
          "size": 29
        }, 
        {
          "name": "see", 
          "size": 29
        }, 
        {
          "name": "surprised", 
          "size": 29
        }, 
        {
          "name": "brand", 
          "size": 29
        }
      ]
    }, 
    {
      "name": "topic 10", 
      "children": [
        {
          "name": "great", 
          "size": 60
        }, 
        {
          "name": "would", 
          "size": 35
        }, 
        {
          "name": "recommend", 
          "size": 35
        }, 
        {
          "name": "love", 
          "size": 35
        }, 
        {
          "name": "using", 
          "size": 34
        }, 
        {
          "name": "came", 
          "size": 26
        }, 
        {
          "name": "product", 
          "size": 26
        }, 
        {
          "name": "ordered", 
          "size": 26
        }, 
        {
          "name": "seller", 
          "size": 26
        }, 
        {
          "name": "day", 
          "size": 25
        }
      ]
    }
  ]
}